{
  "Total" : {
    "transaction" : "Total",
    "sampleCount" : 2000,
    "errorCount" : 0,
    "errorPct" : 0.0,
    "meanResTime" : 1252.3919999999982,
    "medianResTime" : 1217.0,
    "minResTime" : 72.0,
    "maxResTime" : 3838.0,
    "pct1ResTime" : 1877.9,
    "pct2ResTime" : 2042.749999999999,
    "pct3ResTime" : 3390.94,
    "throughput" : 285.46959748786753,
    "receivedKBytesPerSec" : 58.12540144162146,
    "sentKBytesPerSec" : 47.39241364544676
  },
  "Actuator-health" : {
    "transaction" : "Actuator-health",
    "sampleCount" : 1000,
    "errorCount" : 0,
    "errorPct" : 0.0,
    "meanResTime" : 1050.6779999999987,
    "medianResTime" : 953.5,
    "minResTime" : 72.0,
    "maxResTime" : 2488.0,
    "pct1ResTime" : 1787.9,
    "pct2ResTime" : 1947.6999999999996,
    "pct3ResTime" : 2045.0,
    "throughput" : 182.5150574922431,
    "receivedKBytesPerSec" : 38.32103257893776,
    "sentKBytesPerSec" : 30.47858870231794
  },
  "Actuator-Info" : {
    "transaction" : "Actuator-Info",
    "sampleCount" : 1000,
    "errorCount" : 0,
    "errorPct" : 0.0,
    "meanResTime" : 1454.105999999999,
    "medianResTime" : 1437.5,
    "minResTime" : 217.0,
    "maxResTime" : 3838.0,
    "pct1ResTime" : 2005.2999999999997,
    "pct2ResTime" : 3125.9999999999945,
    "pct3ResTime" : 3484.88,
    "throughput" : 144.59224985540774,
    "receivedKBytesPerSec" : 28.523080537883168,
    "sentKBytesPerSec" : 23.863369360902254
  }
}